Date,Close,Next Day Close,Rendement
2019-03-14,151.8612823486328,158.92239379882812,0.04649711461006165
2019-03-15,158.92239379882812,156.76846313476562,-0.01355334898106967
2019-03-18,156.76846313476562,157.3116455078125,0.0034648701797881988
2019-03-19,157.3116455078125,155.6259307861328,-0.01071576561441518
2019-03-20,155.6259307861328,158.81004333496094,0.020460038585753782
2019-03-21,158.81004333496094,156.67486572265625,-0.013444852526116293
2019-03-22,156.67486572265625,154.6145782470703,-0.013150082919062658
2019-03-25,154.6145782470703,155.4573974609375,0.005451097971631
2019-03-26,155.4573974609375,152.91014099121094,-0.01638555971816409
2019-03-27,152.91014099121094,152.98504638671875,0.0004898654531494935
2019-03-28,152.98504638671875,156.5812225341797,0.0235067167177271
2019-03-29,156.5812225341797,159.67161560058594,0.019736677338380446
2019-04-01,159.67161560058594,161.54458618164062,0.011730141102472908
2019-04-02,161.54458618164062,165.02835083007812,0.021565344471032644
2019-04-03,165.02835083007812,165.60894775390625,0.003518164732955116
2019-04-04,165.60894775390625,167.93145751953125,0.014024059672646635
2019-04-05,167.93145751953125,168.3247833251953,0.0023421806222239023
2019-04-08,168.3247833251953,167.819091796875,-0.0030042606818233117
2019-04-09,167.819091796875,166.50799560546875,-0.007812556827522197
2019-04-10,166.50799560546875,165.10330200195312,-0.008436193099363028
2019-04-11,165.10330200195312,167.3695526123047,0.013726258547662198
2019-04-12,167.3695526123047,165.81497192382812,-0.009288312385452793
2019-04-15,165.81497192382812,168.7555694580078,0.017734210005659414
2019-04-16,168.7555694580078,168.54957580566406,-0.0012206628380049306
2019-04-17,168.54957580566406,171.58377075195312,0.018001795209425256
2019-04-18,171.58377075195312,171.32156372070312,-0.0015281575297063188
2019-04-23,171.32156372070312,173.6253204345703,0.013446974588808246
2019-04-24,173.6253204345703,173.5878448486328,-0.00021584170928353998
2019-04-25,173.5878448486328,174.98973083496094,0.00807594556836948
2019-04-26,174.98973083496094,175.31182861328125,0.0018406667453194406
2019-04-29,175.31182861328125,175.74752807617188,0.0024852827463897513
2019-04-30,175.74752807617188,174.3456268310547,-0.007976790686407722
2019-05-02,174.3456268310547,175.61489868164062,0.007280204692578231
2019-05-03,175.61489868164062,172.58380126953125,-0.017259910376990446
2019-05-06,172.58380126953125,170.0073699951172,-0.01492858110356686
2019-05-07,170.0073699951172,171.78814697265625,0.010474704582455505
2019-05-08,171.78814697265625,164.8734130859375,-0.04025151914479511
2019-05-09,164.8734130859375,166.06695556640625,0.007239144614824199
2019-05-10,166.06695556640625,161.97491455078125,-0.024640910659608554
2019-05-13,161.97491455078125,166.9951934814453,0.03099417551530882
2019-05-14,166.9951934814453,169.780029296875,0.016676143530676577
2019-05-15,169.780029296875,172.03439331054688,0.013278145981056024
2019-05-16,172.03439331054688,173.17108154296875,0.006607331304793158
2019-05-17,173.17108154296875,162.27804565429688,-0.06290331960517899
2019-05-20,162.27804565429688,164.57029724121094,0.014125457190908481
2019-05-21,164.57029724121094,163.7367706298828,-0.005064866657598751
2019-05-22,163.7367706298828,161.3687286376953,-0.014462493568657937
2019-05-23,161.3687286376953,161.4065704345703,0.00023450514355828083
2019-05-24,161.4065704345703,163.7367706298828,0.014436836053443671
2019-05-27,163.7367706298828,163.0736846923828,-0.004049706947004996
2019-05-28,163.0736846923828,159.89102172851562,-0.0195167170587386
2019-05-29,159.89102172851562,161.9559783935547,0.012914775593499066
2019-05-30,161.9559783935547,160.3646240234375,-0.00982584518275812
2019-05-31,160.3646240234375,160.4593505859375,0.0005906948809742202
2019-06-03,160.4593505859375,159.6258087158203,-0.00519472294430586
2019-06-04,159.6258087158203,160.11834716796875,0.0030855815617216206
2019-06-05,160.11834716796875,160.9329833984375,0.005087713212616248
2019-06-06,160.9329833984375,164.6271209716797,0.022954508735454498
2019-06-07,164.6271209716797,165.7637939453125,0.0069045304742245414
2019-06-10,165.7637939453125,168.01821899414062,0.013600225930952614
2019-06-11,168.01821899414062,165.7637939453125,-0.013417741613525522
2019-06-12,165.7637939453125,165.7637939453125,0.0
2019-06-13,165.7637939453125,162.01278686523438,-0.022628627101257275
2019-06-14,162.01278686523438,161.4065704345703,-0.0037417813889487994
2019-06-17,161.4065704345703,164.47555541992188,0.019014002819641364
2019-06-18,164.47555541992188,165.74484252929688,0.007717177827029605
2019-06-19,165.74484252929688,168.96542358398438,0.019430957884063474
2019-06-20,168.96542358398438,169.26853942871094,0.0017939519121549657
2019-06-21,169.26853942871094,168.3023681640625,-0.005707919899996241
2019-06-24,168.3023681640625,167.9803466796875,-0.0019133508808449496
2019-06-25,167.9803466796875,169.5526885986328,0.009360273091610681
2019-06-26,169.5526885986328,170.2157440185547,0.003910615782044411
2019-06-27,170.2157440185547,174.04254150390625,0.022482041878184988
2019-06-28,174.04254150390625,179.36590576171875,0.030586569305488
2019-07-01,179.36590576171875,179.68797302246094,0.0017955879595648598
2019-07-02,179.68797302246094,179.68797302246094,0.0
2019-07-03,179.68797302246094,179.11964416503906,-0.003162865315147353
2019-07-04,179.11964416503906,175.9180450439453,-0.017874081516954268
2019-07-05,175.9180450439453,176.0127410888672,0.0005382963691883877
2019-07-08,176.0127410888672,174.21302795410156,-0.010224902604391387
2019-07-09,174.21302795410156,174.7434539794922,0.00304469781404851
2019-07-10,174.7434539794922,175.29286193847656,0.00314408320582271
2019-07-11,175.29286193847656,174.8571319580078,-0.002485725748614227
2019-07-12,174.8571319580078,174.1561737060547,-0.00400874842280646
2019-07-15,174.1561737060547,174.72454833984375,0.003263591647048815
2019-07-16,174.72454833984375,183.76100158691406,0.05171828076209519
2019-07-17,183.76100158691406,188.97073364257812,0.02835058587335789
2019-07-18,188.97073364257812,188.97073364257812,0.0
2019-07-19,188.97073364257812,191.52821350097656,0.01353373514036142
2019-07-22,191.52821350097656,195.03294372558594,0.01829876737502961
2019-07-23,195.03294372558594,198.3955841064453,0.01724139684622028
2019-07-24,198.3955841064453,196.73794555664062,-0.00835521897964883
2019-07-25,196.73794555664062,197.40101623535156,0.0033703243003523195
2019-07-26,197.40101623535156,195.17503356933594,-0.01127644988089471
2019-07-29,195.17503356933594,194.18045043945312,-0.005095852229119699
2019-07-30,194.18045043945312,192.0965576171875,-0.010731733382786636
2019-07-31,192.0965576171875,196.5958709716797,0.02342214462509254
2019-08-01,196.5958709716797,187.13311767578125,-0.04813302155904169
2019-08-02,187.13311767578125,180.76779174804688,-0.03401496221936869
2019-08-05,180.76779174804688,179.9910430908203,-0.004296941671496382
2019-08-06,179.9910430908203,180.54046630859375,0.003052503104258406
2019-08-07,180.54046630859375,185.42813110351562,0.02707240595339717
2019-08-08,185.42813110351562,181.44981384277344,-0.021454766529040215
2019-08-09,181.44981384277344,181.86660766601562,0.0022970198448555037
2019-08-12,181.86660766601562,185.1818389892578,0.018228917148607957
2019-08-13,185.1818389892578,177.41461181640625,-0.041943784634853584
2019-08-14,177.41461181640625,178.13450622558594,0.004057695145902949
2019-08-15,178.13450622558594,181.3171844482422,0.0178667136990616
2019-08-16,181.3171844482422,184.78402709960938,0.019120320348658477
2019-08-19,184.78402709960938,184.00726318359375,-0.004203631278134792
2019-08-20,184.00726318359375,185.6554718017578,0.008957301954540555
2019-08-21,185.6554718017578,183.4578857421875,-0.011836904338143538
2019-08-22,183.4578857421875,180.12367248535156,-0.01817427058720982
2019-08-23,180.12367248535156,182.264404296875,0.011884788834169097
2019-08-26,182.264404296875,183.2495574951172,0.005405077321831613
2019-08-27,183.2495574951172,183.85572814941406,0.00330789696074997
2019-08-28,183.85572814941406,188.89495849609375,0.027408612162382318
2019-08-29,188.89495849609375,191.57557678222656,0.014191052569506488
2019-08-30,191.57557678222656,190.107421875,-0.007663580775202294
2019-09-02,190.107421875,190.6283721923828,0.0027402944726973855
2019-09-03,190.6283721923828,193.89627075195312,0.01714277115198958
2019-09-04,193.89627075195312,203.74737548828125,0.050806055723116035
2019-09-05,203.74737548828125,205.83128356933594,0.01022790146896663
2019-09-06,205.83128356933594,207.5836181640625,0.008513451232189757
2019-09-09,207.5836181640625,205.59446716308594,-0.009582408373884535
2019-09-10,205.59446716308594,209.3360137939453,0.018198673741017687
2019-09-11,209.3360137939453,211.9882354736328,0.012669686556170637
2019-09-12,211.9882354736328,214.64047241210938,0.01251124588376721
2019-09-13,214.64047241210938,212.0355682373047,-0.012136127662835533
2019-09-16,212.0355682373047,211.51463317871094,-0.002456828648723374
2019-09-17,211.51463317871094,214.11947631835938,0.01231519115487191
2019-09-18,214.11947631835938,215.96656799316406,0.008626453354754031
2019-09-19,215.96656799316406,214.11947631835938,-0.008552674110481549
2019-09-20,214.11947631835938,213.40904235839844,-0.0033179324561052196
2019-09-23,213.40904235839844,213.26695251464844,-0.0006658098559449735
2019-09-24,213.26695251464844,212.0355682373047,-0.005773910410517875
2019-09-25,212.0355682373047,214.4509735107422,0.011391509893916673
2019-09-26,214.4509735107422,213.55111694335938,-0.004196094578874631
2019-09-27,213.55111694335938,215.25613403320312,0.007984116937660294
2019-09-30,215.25613403320312,213.0775146484375,-0.01012105599011443
2019-10-01,213.0775146484375,207.3942108154297,-0.026672471013118645
2019-10-02,207.3942108154297,208.9571075439453,0.00753587442181076
2019-10-03,208.9571075439453,211.60935974121094,0.012692806808248126
2019-10-04,211.60935974121094,214.11947631835938,0.011862030017094712
2019-10-07,214.11947631835938,209.38336181640625,-0.022119027112280646
2019-10-08,209.38336181640625,212.79336547851562,0.01628593424294797
2019-10-09,212.79336547851562,218.3819580078125,0.026263001746927674
2019-10-10,218.3819580078125,223.8284912109375,0.024940399164889587
2019-10-11,223.8284912109375,223.63905334472656,-0.0008463527819271674
2019-10-14,223.63905334472656,230.36431884765625,0.030071963739549026
2019-10-15,230.36431884765625,219.9448699951172,-0.04523030695317714
2019-10-16,219.9448699951172,216.9137725830078,-0.013781168945548336
2019-10-17,216.9137725830078,215.96656799316406,-0.004366733280991999
2019-10-18,215.96656799316406,220.65528869628906,0.02171040058048897
2019-10-21,220.65528869628906,219.5659942626953,-0.004936634150170131
2019-10-22,219.5659942626953,217.9083709716797,-0.007549544712431175
2019-10-23,217.9083709716797,224.7757110595703,0.031514806233777656
2019-10-24,224.7757110595703,225.2967071533203,0.0023178487181469754
2019-10-25,225.2967071533203,228.0436248779297,0.012192445061968996
2019-10-28,228.0436248779297,226.90695190429688,-0.004984454067686682
2019-10-29,226.90695190429688,224.96514892578125,-0.008557705976917905
2019-10-30,224.96514892578125,222.59710693359375,-0.01052626152759664
2019-10-31,222.59710693359375,227.09642028808594,0.020212811462255186
2019-11-01,227.09642028808594,232.94747924804688,0.02576464636711801
2019-11-04,232.94747924804688,234.5172576904297,0.006738765525388162
2019-11-05,234.5172576904297,231.23495483398438,-0.013995997091088527
2019-11-06,231.23495483398438,231.61549377441406,0.0016456808647416488
2019-11-07,231.61549377441406,230.28358459472656,-0.005750518490722111
2019-11-08,230.28358459472656,230.09327697753906,-0.0008264054840140698
2019-11-11,230.09327697753906,231.7582244873047,0.007235967654666206
2019-11-12,231.7582244873047,232.51930236816406,0.003283930408696523
2019-11-13,232.51930236816406,232.04364013671875,-0.002045689224940832
2019-11-14,232.04364013671875,236.8957061767578,0.020910144476186693
2019-11-15,236.8957061767578,236.229736328125,-0.0028112364693343344
2019-11-18,236.229736328125,233.04258728027344,-0.01349173519554112
2019-11-19,233.04258728027344,232.7572021484375,-0.0012246050611029015
2019-11-20,232.7572021484375,230.99708557128906,-0.007562028418033436
2019-11-21,230.99708557128906,231.2825469970703,0.0012357793392728865
2019-11-22,231.2825469970703,233.756103515625,0.010694955372426006
2019-11-25,233.756103515625,234.5172576904297,0.0032561895212879846
2019-11-26,234.5172576904297,234.23182678222656,-0.0012170998032899692
2019-11-27,234.23182678222656,233.9939727783203,-0.0010154640689686936
2019-11-28,233.9939727783203,234.99295043945312,0.004269245268463464
2019-11-29,234.99295043945312,227.04885864257812,-0.033805660050733426
2019-12-02,227.04885864257812,225.09849548339844,-0.008590059297545126
2019-12-03,225.09849548339844,230.9495391845703,0.02599325992209221
2019-12-04,230.9495391845703,232.4717559814453,0.006591122901780178
2019-12-05,232.4717559814453,240.32073974609375,0.03376317149372289
2019-12-06,240.32073974609375,239.70233154296875,-0.0025732618989870257
2019-12-09,239.70233154296875,239.5120391845703,-0.0007938694512211114
2019-12-10,239.5120391845703,241.79531860351562,0.009533046550473379
2019-12-11,241.79531860351562,243.03216552734375,0.005115264145606753
2019-12-12,243.03216552734375,247.21832275390625,0.017224704464444695
2019-12-13,247.21832275390625,250.21511840820312,0.012122061265175876
2019-12-16,250.21511840820312,250.21511840820312,0.0
2019-12-17,250.21511840820312,250.7860107421875,0.0022816060740702975
2019-12-18,250.7860107421875,248.40748596191406,-0.009484280136815938
2019-12-19,248.40748596191406,251.7374267578125,0.013405154772223673
2019-12-20,251.7374267578125,253.44984436035156,0.006802395752565302
2019-12-23,253.44984436035156,252.0227508544922,-0.005630674224563156
2019-12-24,252.0227508544922,253.92552185058594,0.007549996933381358
2019-12-27,253.92552185058594,250.12001037597656,-0.014986723063027127
2019-12-30,250.12001037597656,250.88113403320312,0.003043033846362205
2019-12-31,250.88113403320312,256.30401611328125,0.021615344258450412
2020-01-02,256.30401611328125,254.92453002929688,-0.005382225783675078
2020-01-03,254.92453002929688,250.31031799316406,-0.01810030614002713
2020-01-06,250.31031799316406,255.3526611328125,0.020144367919288662
2020-01-07,255.3526611328125,257.5408935546875,0.008569452192772997
2020-01-08,257.5408935546875,259.1581726074219,0.006279698072069296
2020-01-09,259.1581726074219,255.54295349121094,-0.013949855718759624
2020-01-10,255.54295349121094,255.97105407714844,0.0016752588169183227
2020-01-13,255.97105407714844,256.39923095703125,0.0016727550754772533
2020-01-14,256.39923095703125,258.25433349609375,0.0072352110111180016
2020-01-15,258.25433349609375,257.065185546875,-0.004604561453512789
2020-01-16,257.065185546875,257.73114013671875,0.00259060591354295
2020-01-17,257.73114013671875,257.4456787109375,-0.001107593850047849
2020-01-20,257.4456787109375,258.0640869140625,0.0024020919916832423
2020-01-21,258.0640869140625,257.065185546875,-0.0038707492357126874
2020-01-22,257.065185546875,251.64219665527344,-0.02109577335439185
2020-01-23,251.64219665527344,257.4932556152344,0.023251501686644183
2020-01-24,257.4932556152344,246.50474548339844,-0.04267494348766862
2020-01-27,246.50474548339844,249.02593994140625,0.010227772504191443
2020-01-28,249.02593994140625,255.82830810546875,0.027315901972553708
2020-01-29,255.82830810546875,252.11793518066406,-0.01450337123472292
2020-01-30,252.11793518066406,241.89051818847656,-0.04056600330658222
2020-01-31,241.89051818847656,247.36097717285156,0.022615433731521965
2020-02-03,247.36097717285156,256.8273010253906,0.03826926931131971
2020-02-04,256.8273010253906,262.9161682128906,0.023708021550629614
2020-02-05,262.9161682128906,267.00714111328125,0.015559989818039828
2020-02-06,267.00714111328125,265.00927734375,-0.007482435717641089
2020-02-07,265.00927734375,267.3401184082031,0.00879531874436884
2020-02-10,267.3401184082031,274.4280090332031,0.02651263367130503
2020-02-11,274.4280090332031,276.6161804199219,0.007973571627865442
2020-02-12,276.6161804199219,278.0907897949219,0.005330886185910905
2020-02-13,278.0907897949219,278.709228515625,0.002223873437733025
2020-02-14,278.709228515625,274.4280090332031,-0.015360881680248566
2020-02-17,274.4280090332031,272.2398376464844,-0.007973571627865442
2020-02-18,272.2398376464844,278.6616516113281,0.023588810588341457
2020-02-19,278.6616516113281,273.71441650390625,-0.017753555535234476
2020-02-20,273.71441650390625,271.1457214355469,-0.009384580838557024
2020-02-21,271.1457214355469,257.4932556152344,-0.05035102803035666
2020-02-24,257.4932556152344,253.4022979736328,-0.015887630267546023
2020-02-25,253.4022979736328,254.59153747558594,0.00469308886092607
2020-02-26,254.59153747558594,243.41275024414062,-0.043908714886162714
2020-02-27,243.41275024414062,236.03945922851562,-0.03029130975361669
2020-02-28,236.03945922851562,238.0849609375,0.008665931178075079
2020-03-02,238.0849609375,246.69500732421875,0.03616375579883428
2020-03-03,246.69500732421875,250.9286346435547,0.01716138224788593
2020-03-04,250.9286346435547,250.12001037597656,-0.0032225268699476233
2020-03-05,250.12001037597656,239.0839080810547,-0.044123228198865716
2020-03-06,239.0839080810547,224.7179412841797,-0.06008755215764928
2020-03-09,224.7179412841797,223.29086303710938,-0.006350530976365704
2020-03-10,223.29086303710938,226.430419921875,0.014060391195871963
2020-03-11,226.430419921875,207.78318786621094,-0.08235303393465372
2020-03-12,207.78318786621094,205.5950469970703,-0.010530885061545703
2020-03-13,205.5950469970703,208.11619567871094,0.012262691725625817
2020-03-16,208.11619567871094,201.64675903320312,-0.03108569529829051
2020-03-17,201.64675903320312,176.8630828857422,-0.12290639465908827
2020-03-18,176.8630828857422,191.27664184570312,0.08149557683144336
2020-03-19,191.27664184570312,204.54852294921875,0.06938579104824329
2020-03-20,204.54852294921875,203.12139892578125,-0.006976946119487737
2020-03-23,203.12139892578125,228.3332061767578,0.12412186694415556
2020-03-24,228.3332061767578,232.99502563476562,0.020416738923198906
2020-03-25,232.99502563476562,236.8957061767578,0.016741475623203862
2020-03-26,236.8957061767578,218.34364318847656,-0.07831320916571945
2020-03-27,218.34364318847656,232.85231018066406,0.06644877212964458
2020-03-30,232.85231018066406,230.66412353515625,-0.009397315593777255
2020-03-31,230.66412353515625,223.10057067871094,-0.03279033054870593
2020-04-01,223.10057067871094,218.3912353515625,-0.021108575889437736
2020-04-02,218.3912353515625,217.0592498779297,-0.006099079349446442
2020-04-03,217.0592498779297,233.47068786621094,0.07560810238453673
2020-04-06,233.47068786621094,239.7974395751953,0.027098698199792364
2020-04-07,239.7974395751953,245.45819091796875,0.02360638776127694
2020-04-08,245.45819091796875,243.22244262695312,-0.009108468870622468
2020-04-09,243.22244262695312,250.4530487060547,0.02972836717289135
2020-04-14,250.4530487060547,242.46133422851562,-0.03190903252656578
2020-04-15,242.46133422851562,254.5439453125,0.04983314606607222
2020-04-16,254.5439453125,258.3494873046875,0.014950432183784572
2020-04-17,258.3494873046875,259.776611328125,0.005524005634098296
2020-04-20,259.776611328125,246.02906799316406,-0.052920635405457474
2020-04-21,246.02906799316406,255.16238403320312,0.037122914436650355
2020-04-22,255.16238403320312,256.54180908203125,0.005406067410973189
2020-04-23,256.54180908203125,255.01202392578125,-0.005963102707211515
2020-04-24,255.01202392578125,257.88055419921875,0.011248607925532004
2020-04-27,257.88055419921875,260.5100402832031,0.010196527195117766
2020-04-28,260.5100402832031,264.38250732421875,0.01486494354231348
2020-04-29,264.38250732421875,258.7889404296875,-0.02115709904994479
2020-04-30,258.7889404296875,246.50205993652344,-0.047478383244520396
2020-05-04,246.50205993652344,255.96820068359375,0.03840187278559835
2020-05-05,255.96820068359375,259.98406982421875,0.015688937648895996
2020-05-06,259.98406982421875,264.4781799316406,0.017286097992313326
2020-05-07,264.4781799316406,266.19921875,0.006507299841537816
2020-05-08,266.19921875,266.8686218261719,0.0025146695745960936
2020-05-11,266.8686218261719,267.1554260253906,0.0010747018411387586
2020-05-12,267.1554260253906,261.9920959472656,-0.019327064229772647
2020-05-13,261.9920959472656,255.82469177246094,-0.023540420761571666
2020-05-14,255.82469177246094,257.211181640625,0.005419687437353596
2020-05-15,257.211181640625,264.52593994140625,0.028438725929891405
2020-05-18,264.52593994140625,271.697265625,0.027110103777278828
2020-05-19,271.697265625,282.98016357421875,0.04152746227778217
2020-05-20,282.98016357421875,277.33868408203125,-0.019935953887834538
2020-05-21,277.33868408203125,278.9642639160156,0.005861352661151161
2020-05-22,278.9642639160156,282.6454162597656,0.013195784621568014
2020-05-25,282.6454162597656,280.92431640625,-0.006089254431544879
2020-05-26,280.92431640625,274.9482421875,-0.021272897608863042
2020-05-27,274.9482421875,281.97613525390625,0.025560785588196643
2020-05-28,281.97613525390625,280.1116027832031,-0.006612376856020816
2020-05-29,280.1116027832031,280.0638122558594,-0.00017061245185454973
2020-06-01,280.0638122558594,283.6972961425781,0.012973771432487997
2020-06-02,283.6972961425781,294.54986572265625,0.038254046575840236
2020-06-03,294.54986572265625,296.7012939453125,0.007304122231995864
2020-06-04,296.7012939453125,306.45416259765625,0.03287100141242182
2020-06-05,306.45416259765625,291.9203796386719,-0.04742563401909401
2020-06-08,291.9203796386719,295.8406677246094,0.013429305931945848
2020-06-09,295.8406677246094,294.5020751953125,-0.004524707639393706
2020-06-10,294.5020751953125,287.2351379394531,-0.024675334634025835
2020-06-11,287.2351379394531,292.58966064453125,0.01864160054890922
2020-06-12,292.58966064453125,290.3426818847656,-0.007679624614266502
2020-06-15,290.3426818847656,298.8525695800781,0.029309806054247295
2020-06-16,298.8525695800781,307.74505615234375,0.029755429524198438
2020-06-17,307.74505615234375,306.83673095703125,-0.0029515508930315674
2020-06-18,306.83673095703125,312.8605651855469,0.019632050601396837
2020-06-19,312.8605651855469,308.41436767578125,-0.014211434755699357
2020-06-22,308.41436767578125,313.5299072265625,0.016586579896818977
2020-06-23,313.5299072265625,307.64947509765625,-0.018755570021768104
2020-06-24,307.64947509765625,307.8885192871094,0.0007770017789799444
2020-06-25,307.8885192871094,309.80084228515625,0.006211089008692829
2020-06-26,309.80084228515625,308.07977294921875,-0.005555405605880637
2020-06-29,308.07977294921875,312.5737609863281,0.01458709214853299
2020-06-30,312.5737609863281,312.81280517578125,0.0007647608957924677
2020-07-01,312.81280517578125,318.1674499511719,0.017117728835882053
2020-07-02,318.1674499511719,319.3148498535156,0.003606276828505989
2020-07-03,319.3148498535156,328.4941101074219,0.028746737767182447
2020-07-06,328.4941101074219,327.2032470703125,-0.003929638302151737
2020-07-07,327.2032470703125,328.8287353515625,0.0049678244204609005
2020-07-08,328.8287353515625,329.259033203125,0.0013085774000330393
2020-07-09,329.259033203125,333.41839599609375,0.01263249409592591
2020-07-10,333.41839599609375,338.008056640625,0.013765469151213305
2020-07-13,338.008056640625,328.2549743652344,-0.028854585220021076
2020-07-14,328.2549743652344,316.20721435546875,-0.036702444595281686
2020-07-15,316.20721435546875,317.1634216308594,0.0030239894347119205
2020-07-16,317.1634216308594,318.5020446777344,0.004220609804219474
2020-07-17,318.5020446777344,324.04791259765625,0.017412346365101913
2020-07-20,324.04791259765625,322.6136474609375,-0.004426089726118864
2020-07-21,322.6136474609375,323.760986328125,0.003556386644574363
2020-07-22,323.760986328125,324.286865234375,0.0016242812706192854
2020-07-23,324.286865234375,308.41436767578125,-0.048945853996035474
2020-07-24,308.41436767578125,309.7530212402344,0.0043404383996156
2020-07-27,309.7530212402344,308.8446960449219,-0.002932417548909176
2020-07-28,308.8446960449219,295.26702880859375,-0.04396276643311121
2020-07-29,295.26702880859375,289.8167724609375,-0.018458736722647646
2020-07-30,289.8167724609375,286.56573486328125,-0.011217561944571155
2020-07-31,286.56573486328125,296.50994873046875,0.03470133605447219
2020-08-03,296.50994873046875,301.3865051269531,0.016446518632389044
2020-08-04,301.3865051269531,298.75701904296875,-0.008724631127318576
2020-08-05,298.75701904296875,294.40643310546875,-0.014562288616470218
2020-08-06,294.40643310546875,299.8566589355469,0.01851259081735359
2020-08-07,299.8566589355469,294.98016357421875,-0.016262754939773773
2020-08-10,294.98016357421875,298.7092590332031,0.012641851620799283
2020-08-11,298.7092590332031,302.5816955566406,0.012963898527856005
2020-08-12,302.5816955566406,304.82867431640625,0.007426023426935984
2020-08-13,304.82867431640625,300.2391357421875,-0.015056124836388908
2020-08-14,300.2391357421875,304.9243469238281,0.01560493161578966
2020-08-17,304.9243469238281,303.53790283203125,-0.004546846146540134
2020-08-18,303.53790283203125,303.53790283203125,0.0
2020-08-19,303.53790283203125,298.32666015625,-0.01716834249416619
2020-08-20,298.32666015625,299.8566589355469,0.005128602245925761
2020-08-21,299.8566589355469,304.5897216796875,0.015784417664568125
2020-08-24,304.5897216796875,305.1155700683594,0.0017264154081498108
2020-08-25,305.1155700683594,311.33074951171875,0.020369918985015743
2020-08-26,311.33074951171875,305.6893005371094,-0.018120436171040748
2020-08-27,305.6893005371094,302.8207702636719,-0.00938380986314329
2020-08-28,302.8207702636719,300.52593994140625,-0.007578180057687166
2020-08-31,300.52593994140625,308.98809814453125,0.028157829586274226
2020-09-01,308.98809814453125,318.54986572265625,0.030945423579559428
2020-09-02,318.54986572265625,303.9681701660156,-0.045775236864598466
2020-09-03,303.9681701660156,291.4422912597656,-0.041207863637198756
2020-09-04,291.4422912597656,290.6773376464844,-0.002624717263835394
2020-09-07,290.6773376464844,284.3665771484375,-0.02171053494965572
2020-09-08,284.3665771484375,291.4901428222656,0.025050643241064402
2020-09-09,291.4901428222656,291.72918701171875,0.0008200764085490217
2020-09-10,291.72918701171875,294.02392578125,0.007865989663348531
2020-09-11,294.02392578125,296.6534423828125,0.008943206218934803
2020-09-14,296.6534423828125,298.7092590332031,0.006930027960834258
2020-09-15,298.7092590332031,298.7092590332031,0.0
2020-09-16,298.7092590332031,293.498046875,-0.017445767081575036
2020-09-17,293.498046875,294.932373046875,0.004887004145843176
2020-09-18,294.932373046875,289.67340087890625,-0.01783111197200762
2020-09-21,289.67340087890625,293.16339111328125,0.012048017608057633
2020-09-22,293.16339111328125,298.32666015625,0.017612257189962753
2020-09-23,298.32666015625,294.64544677734375,-0.012339538735754281
2020-09-24,294.64544677734375,293.7370910644531,-0.0030828771420895124
2020-09-25,293.7370910644531,301.00396728515625,0.02473938920811534
2020-09-28,301.00396728515625,304.3027648925781,0.01095931604215953
2020-09-29,304.3027648925781,300.9084167480469,-0.011154509705915713
2020-09-30,300.9084167480469,307.31475830078125,0.021290004520207417
2020-10-01,307.31475830078125,305.88055419921875,-0.0046668897696048395
2020-10-02,305.88055419921875,306.2152099609375,0.0010940733470124096
2020-10-05,306.2152099609375,303.29888916015625,-0.009523762066401835
2020-10-06,303.29888916015625,304.685302734375,0.004571113260776427
2020-10-07,304.685302734375,308.07977294921875,0.01114090566358251
2020-10-08,308.07977294921875,313.7211608886719,0.01831145188614185
2020-10-09,313.7211608886719,321.1793212890625,0.02377321433869503
2020-10-12,321.1793212890625,329.1634826660156,0.024858889871578475
2020-10-13,329.1634826660156,325.96026611328125,-0.00973138492396043
2020-10-14,325.96026611328125,314.6773376464844,-0.03461442893434045
2020-10-15,314.6773376464844,316.111572265625,0.00455779443752596
2020-10-16,316.111572265625,315.1554870605469,-0.003024518204840465
2020-10-19,315.1554870605469,311.8566589355469,-0.010467303475399233
2020-10-20,311.8566589355469,310.2789306640625,-0.005059145688501886
2020-10-21,310.2789306640625,306.0717468261719,-0.01355936037579594
2020-10-22,306.0717468261719,302.7252502441406,-0.010933699750901329
2020-10-23,302.7252502441406,295.7450256347656,-0.023057953057254447
2020-10-26,295.7450256347656,295.8885192871094,0.0004851937983936185
2020-10-27,295.8885192871094,295.5059814453125,-0.0012928444899401022
2020-10-28,295.5059814453125,301.19525146484375,0.019252639123259602
2020-10-29,301.19525146484375,298.32666015625,-0.009524025676508978
2020-10-30,298.32666015625,301.1583557128906,0.009491929266923415
2020-11-02,301.1583557128906,305.6217346191406,0.014820704196250704
2020-11-03,305.6217346191406,309.7011413574219,0.013347894721443555
2020-11-04,309.7011413574219,321.7955017089844,0.03905171385082034
2020-11-05,321.7955017089844,325.6350402832031,0.011931610460145696
2020-11-06,325.6350402832031,340.4649658203125,0.04554155328066618
2020-11-09,340.4649658203125,327.02679443359375,-0.039470056351733486
2020-11-10,327.02679443359375,336.6734313964844,0.02949800177566024
2020-11-11,336.6734313964844,338.7371520996094,0.0061297403081820665
2020-11-12,338.7371520996094,338.6411437988281,-0.00028343008786062447
2020-11-13,338.6411437988281,343.7284240722656,0.015022629017753468
2020-11-16,343.7284240722656,344.64031982421875,0.002652954158255494
2020-11-17,344.64031982421875,343.2965087890625,-0.0038991695337378136
2020-11-18,343.2965087890625,341.1847839355469,-0.006151314678277628
2020-11-19,341.1847839355469,346.6560974121094,0.016036217715957944
2020-11-20,346.6560974121094,342.9126281738281,-0.010798798192869991
2020-11-23,342.9126281738281,344.496337890625,0.004618405933986386
2020-11-24,344.496337890625,340.7528991699219,-0.010866410782838681
2020-11-25,340.7528991699219,343.10455322265625,0.006901347159372766
2020-11-26,343.10455322265625,351.6473388671875,0.024898491040972706
2020-11-27,351.6473388671875,349.2476501464844,-0.006824134453664827
2020-11-30,349.2476501464844,357.8865051269531,0.024735613759592566
2020-12-01,357.8865051269531,356.20672607421875,-0.004693608249180859
2020-12-02,356.20672607421875,358.17449951171875,0.005524245595210904
2020-12-03,358.17449951171875,363.11773681640625,0.013801198330496355
2020-12-04,363.11773681640625,371.27667236328125,0.022469118744811382
2020-12-07,371.27667236328125,369.3089904785156,-0.0052997724641324
2020-12-08,369.3089904785156,367.9171447753906,-0.003768783698770989
2020-12-09,367.9171447753906,361.8220520019531,-0.01656648204627291
2020-12-10,361.8220520019531,358.8463439941406,-0.008224230644174328
2020-12-11,358.8463439941406,360.9100646972656,0.005750987122105659
2020-12-14,360.9100646972656,367.0052795410156,0.016888459037191765
2020-12-15,367.0052795410156,369.83685302734375,0.007715348100357982
2020-12-16,369.83685302734375,374.8282165527344,0.013496122640383787
2020-12-17,374.8282165527344,373.9162902832031,-0.0024329178788036936
2020-12-18,373.9162902832031,365.3255310058594,-0.022975086939478175
2020-12-21,365.3255310058594,375.6920166015625,0.028376022795781167
2020-12-22,375.6920166015625,374.5882263183594,-0.0029380190007437445
2020-12-23,374.5882263183594,377.70782470703125,0.008328073787403438
2020-12-24,377.70782470703125,380.92333984375,0.008513234109494188
2020-12-28,380.92333984375,380.3953857421875,-0.0013859851742848317
2020-12-29,380.3953857421875,382.50714111328125,0.005551474729309649
2020-12-30,382.50714111328125,381.59527587890625,-0.002383916890338387
2020-12-31,381.59527587890625,389.94610595703125,0.021883997538730052
2021-01-04,389.94610595703125,390.5699768066406,0.0015998899337082244
2021-01-05,390.5699768066406,386.68255615234375,-0.009953198876372976
2021-01-06,386.68255615234375,387.6904296875,0.002606462378817967
2021-01-07,387.6904296875,399.352783203125,0.03008161311855313
2021-01-08,399.352783203125,398.24896240234375,-0.002764024309353085
2021-01-11,398.24896240234375,402.13641357421875,0.009761359197083302
2021-01-12,402.13641357421875,405.4959716796875,0.008354274798466382
2021-01-13,405.4959716796875,429.3966369628906,0.05894180695359145
2021-01-14,429.3966369628906,418.3581237792969,-0.025707032224725417
2021-01-15,418.3581237792969,420.0379638671875,0.004015316047207482
2021-01-18,420.0379638671875,422.24560546875,0.005255814453620525
2021-01-19,422.24560546875,434.9638366699219,0.030120458416738074
2021-01-20,434.9638366699219,451.66558837890625,0.03839802369974661
2021-01-21,451.66558837890625,444.32257080078125,-0.01625764230673442
2021-01-22,444.32257080078125,442.8348388671875,-0.003348315011124648
2021-01-25,442.8348388671875,440.1470947265625,-0.006069405350989317
2021-01-26,440.1470947265625,422.96551513671875,-0.03903599454749929
2021-01-27,422.96551513671875,430.98040771484375,0.018949281421995545
2021-01-28,430.98040771484375,421.8136901855469,-0.021269453008086605
2021-01-29,421.8136901855469,436.6435852050781,0.03515745307604382
2021-02-01,436.6435852050781,439.13934326171875,0.005715778591980102
2021-02-02,439.13934326171875,438.8033142089844,-0.0007651991512272861
2021-02-03,438.8033142089844,441.10699462890625,0.0052499157260802376
2021-02-04,441.10699462890625,441.5389404296875,0.00097923135665676
2021-02-05,441.5389404296875,448.35406494140625,0.015434934244047765
2021-02-08,448.35406494140625,450.89764404296875,0.005673148300539912
2021-02-09,450.89764404296875,445.474365234375,-0.012027738180146564
2021-02-10,445.474365234375,461.16827392578125,0.03522965610636046
2021-02-11,461.16827392578125,474.8943786621094,0.029763766313502204
2021-02-12,474.8943786621094,478.013916015625,0.00656890772702786
2021-02-15,478.013916015625,479.7897033691406,0.003714928151710084
2021-02-16,479.7897033691406,464.9117126464844,-0.031009399781156664
2021-02-17,464.9117126464844,462.0321044921875,-0.006193881711228276
2021-02-18,462.0321044921875,474.17449951171875,0.026280414069660318
2021-02-19,474.17449951171875,464.2878723144531,-0.020850187446702386
2021-02-22,464.2878723144531,453.9212646484375,-0.022327974268073328
2021-02-23,453.9212646484375,454.44921875,0.0011630962078222993
2021-02-24,454.44921875,455.8890075683594,0.0031682061690404767
2021-02-25,455.8890075683594,446.6742858886719,-0.020212642829089876
2021-02-26,446.6742858886719,461.648193359375,0.03352310160615601
2021-03-01,461.648193359375,452.5294494628906,-0.01975258222095064
2021-03-02,452.5294494628906,445.3783874511719,-0.0158024235112353
2021-03-03,445.3783874511719,418.1181945800781,-0.0612068156856452
2021-03-04,418.1181945800781,411.2550964355469,-0.01641425375287472
2021-03-05,411.2550964355469,421.23779296875,0.024273733309874358
2021-03-08,421.23779296875,431.6042785644531,0.024609581022261632
2021-03-09,431.6042785644531,426.6609802246094,-0.011453311714808564
2021-03-10,426.6609802246094,438.5633850097656,0.027896633010336225
2021-03-11,438.5633850097656,428.9167785644531,-0.021995922995481476
2021-03-12,428.9167785644531,435.7318115234375,0.01588893999855565
2021-03-15,435.7318115234375,444.8025207519531,0.020817183847105278
2021-03-16,444.8025207519531,442.5948486328125,-0.0049632635071592745
2021-03-17,442.5948486328125,442.4988098144531,-0.00021699036637240924
2021-03-18,442.4988098144531,446.0022888183594,0.00791748797104181
2021-03-19,446.0022888183594,458.8165283203125,0.028731331258194288
2021-03-22,458.8165283203125,453.5373229980469,-0.011506135887458845
2021-03-23,453.5373229980469,472.4466857910156,0.0416930687599666
2021-03-24,472.4466857910156,471.63079833984375,-0.001726940786569045
2021-03-25,471.63079833984375,496.1554870605469,0.051999760844777004
2021-03-26,496.1554870605469,495.771484375,-0.0007739563414321655
2021-03-29,495.771484375,495.5794372558594,-0.0003873702405105679
2021-03-30,495.5794372558594,496.25140380859375,0.001355920972942729
2021-03-31,496.25140380859375,508.0577697753906,0.02379109837511037
2021-04-01,508.0577697753906,511.89715576171875,0.0075569870489836126
2021-04-06,511.89715576171875,503.8343505859375,-0.015750830191239386
2021-04-07,503.8343505859375,510.6493225097656,0.013526215344195187
2021-04-08,510.6493225097656,514.0089721679688,0.00657917187021995
2021-04-09,514.0089721679688,503.3544921875,-0.020728198450565297
2021-04-12,503.3544921875,504.60223388671875,0.0024788528136428455
2021-04-13,504.60223388671875,509.01763916015625,0.008750268978057559
2021-04-14,509.01763916015625,508.6336364746094,-0.0007543995649747085
2021-04-15,508.6336364746094,514.8729248046875,0.012266763113275906
2021-04-16,514.8729248046875,501.24267578125,-0.02647303512533314
2021-04-19,501.24267578125,491.4520568847656,-0.01953269218592463
2021-04-20,491.4520568847656,511.5132751464844,0.04082029565382947
2021-04-21,511.5132751464844,521.8799438476562,0.020266665998459426
2021-04-22,521.8799438476562,531.8624267578125,0.01912792976208005
2021-04-23,531.8624267578125,534.6460571289062,0.005233741341840071
2021-04-26,534.6460571289062,530.5186767578125,-0.0077198369202573485
2021-04-27,530.5186767578125,527.7350463867188,-0.005246997877823079
2021-04-28,527.7350463867188,521.0159301757812,-0.012731987873349995
2021-04-29,521.0159301757812,519.4801635742188,-0.0029476384744020405
2021-04-30,519.4801635742188,518.6619262695312,-0.0015751078906607711
2021-05-03,518.6619262695312,494.78887939453125,-0.04602814601547208
2021-05-04,494.78887939453125,519.3358764648438,0.049611052496471714
2021-05-05,519.3358764648438,509.9983215332031,-0.017979799499318293
2021-05-06,509.9983215332031,523.5712890625,0.026613749410963925
2021-05-07,523.5712890625,506.051513671875,-0.033462062868259417
2021-05-10,506.051513671875,495.46270751953125,-0.02092436415319085
2021-05-11,495.46270751953125,484.87384033203125,-0.02137167344140141
2021-05-12,484.87384033203125,493.5374755859375,0.017867813301648893
2021-05-13,493.5374755859375,508.265625,0.029842008241779305
2021-05-14,508.265625,499.4093933105469,-0.017424416001875248
2021-05-17,499.4093933105469,503.3563232421875,0.00790319522321502
2021-05-18,503.3563232421875,489.9757385253906,-0.026582728971418664
2021-05-19,489.9757385253906,505.28143310546875,0.03123765806474718
2021-05-20,505.28143310546875,505.7628479003906,0.000952765653713201
2021-05-21,505.7628479003906,516.3516845703125,0.020936367141003075
2021-05-24,516.3516845703125,526.84423828125,0.020320556753231064
2021-05-25,526.84423828125,521.6461791992188,-0.0098664058640731
2021-05-26,521.6461791992188,523.6676025390625,0.0038750851064352576
2021-05-27,523.6676025390625,531.657470703125,0.015257518558189789
2021-05-28,531.657470703125,526.748046875,-0.009234185727950392
2021-05-31,526.748046875,530.502197265625,0.007127032388438792
2021-06-01,530.502197265625,534.352783203125,0.00725837886694368
2021-06-02,534.352783203125,528.8657836914062,-0.010268496177426967
2021-06-03,528.8657836914062,537.2406005859375,0.01583542961708781
2021-06-04,537.2406005859375,537.048095703125,-0.00035832154644035834
2021-06-07,537.048095703125,535.9892578125,-0.001971588576696705
2021-06-08,535.9892578125,541.3799438476562,0.01005745163094672
2021-06-09,541.3799438476562,549.8510131835938,0.015647179826671322
2021-06-10,549.8510131835938,552.1612548828125,0.004201577597979921
2021-06-11,552.1612548828125,556.1080932617188,0.007147981398557029
2021-06-14,556.1080932617188,556.878173828125,0.0013847677739943093
2021-06-15,556.878173828125,562.3651733398438,0.009853141619826276
2021-06-16,562.3651733398438,567.659423828125,0.00941425738873391
2021-06-17,567.659423828125,542.7275390625,-0.0439204983112794
2021-06-18,542.7275390625,547.4445190429688,0.008691248630236815
2021-06-21,547.4445190429688,553.9903564453125,0.011957079073121508
2021-06-22,553.9903564453125,549.0809326171875,-0.008861930123885897
2021-06-23,549.0809326171875,560.3434448242188,0.020511570404291083
2021-06-24,560.3434448242188,559.7659301757812,-0.0010306440697609445
2021-06-25,559.7659301757812,564.4828491210938,0.008426591707414674
2021-06-28,564.4828491210938,567.85205078125,0.0059686519535573765
2021-06-29,567.85205078125,557.7445678710938,-0.0177995005851443
2021-06-30,557.7445678710938,549.9472045898438,-0.013980168934701541
2021-07-01,549.9472045898438,557.3593139648438,0.013477856261726118
2021-07-02,557.3593139648438,559.669677734375,0.0041451963063040866
2021-07-05,559.669677734375,558.3219604492188,-0.002408058429415021
2021-07-06,558.3219604492188,561.8837890625,0.006379524477983005
2021-07-07,561.8837890625,546.0966796875,-0.028096751823612324
2021-07-08,546.0966796875,561.3062744140625,0.027851468965652902
2021-07-09,561.3062744140625,569.584716796875,0.014748529920593204
2021-07-12,569.584716796875,577.1893920898438,0.013351262891558106
2021-07-13,577.1893920898438,586.3343505859375,0.01584394762173708
2021-07-14,586.3343505859375,577.0933227539062,-0.015760679589719547
2021-07-15,577.0933227539062,567.2743530273438,-0.017014526662180198
2021-07-16,567.2743530273438,555.7230224609375,-0.0203628641146226
2021-07-19,555.7230224609375,559.1885375976562,0.00623604744927109
2021-07-20,559.1885375976562,576.708251953125,0.0313306035040268
2021-07-21,576.708251953125,597.5971069335938,0.03622083594213353
2021-07-22,597.5971069335938,614.9244384765625,0.02899500573535106
2021-07-23,614.9244384765625,614.154296875,-0.0012524166440196758
2021-07-26,614.154296875,599.7149047851562,-0.023511016959932834
2021-07-27,599.7149047851562,618.4859619140625,0.03129996766652123
2021-07-28,618.4859619140625,618.6785888671875,0.00031144919203803233
2021-07-29,618.6785888671875,615.1170043945312,-0.0057567605162764405
2021-07-30,615.1170043945312,628.3048095703125,0.021439506763046165
2021-08-02,628.3048095703125,626.6683959960938,-0.002604489969347627
2021-08-03,626.6683959960938,645.0545043945312,0.02933945371413322
2021-08-04,645.0545043945312,647.4609375,0.0037305887937756593
2021-08-05,647.4609375,641.107666015625,-0.009812594268476622
2021-08-06,641.107666015625,645.9208984375,0.00750768190277371
2021-08-09,645.9208984375,649.0975952148438,0.004918089482827177
2021-08-10,649.0975952148438,643.7069091796875,-0.008304892938899267
2021-08-11,643.7069091796875,644.2843627929688,0.0008970753693123042
2021-08-12,644.2843627929688,640.72265625,-0.0055281592238693705
2021-08-13,640.72265625,639.760009765625,-0.001502438652644414
2021-08-16,639.760009765625,639.8563842773438,0.00015064166288551958
2021-08-17,639.8563842773438,641.6853637695312,0.002858421885175306
2021-08-18,641.6853637695312,639.5676879882812,-0.003300177783095872
2021-08-19,639.5676879882812,647.4609375,0.0123415389175561
2021-08-20,647.4609375,660.6489868164062,0.020368872549019607
2021-08-23,660.6489868164062,657.8574829101562,-0.004225396484299394
2021-08-24,657.8574829101562,662.6705322265625,0.007316249250696095
2021-08-25,662.6705322265625,662.57421875,-0.00014534142062857126
2021-08-26,662.57421875,677.2061767578125,0.022083500374368438
2021-08-27,677.2061767578125,683.0780639648438,0.00867075258401135
2021-08-30,683.0780639648438,678.168701171875,-0.007187118210871755
2021-08-31,678.168701171875,687.5062255859375,0.013768733941757066
2021-09-01,687.5062255859375,695.2073974609375,0.011201603110483196
2021-09-02,695.2073974609375,694.8221435546875,-0.0005541567993336071
2021-09-03,694.8221435546875,713.208251953125,0.026461603978789116
2021-09-06,713.208251953125,702.9082641601562,-0.014441767554935285
2021-09-07,702.9082641601562,695.3997802734375,-0.010682025336108378
2021-09-08,695.3997802734375,694.4371948242188,-0.0013842187997819796
2021-09-09,694.4371948242188,704.7371826171875,0.014832137261276683
2021-09-10,704.7371826171875,707.5287475585938,0.003961143260582896
2021-09-13,707.5287475585938,725.2410888671875,0.025034094190111912
2021-09-14,725.2410888671875,717.2512817382812,-0.011016760152663405
2021-09-15,717.2512817382812,720.1390991210938,0.004026228263843298
2021-09-16,720.1390991210938,703.5820922851562,-0.022991401044804797
2021-09-17,703.5820922851562,690.6829223632812,-0.018333567700650158
2021-09-20,690.6829223632812,704.3521728515625,0.019790920038256832
2021-09-21,704.3521728515625,711.0904541015625,0.009566636562957047
2021-09-22,711.0904541015625,725.6260375976562,0.02044125808784614
2021-09-23,725.6260375976562,711.7645263671875,-0.019102830538386295
2021-09-24,711.7645263671875,690.1053466796875,-0.030430260128370586
2021-09-27,690.1053466796875,640.337646484375,-0.07211609131092878
2021-09-28,640.337646484375,623.49169921875,-0.026307913267498418
2021-09-29,623.49169921875,621.7590942382812,-0.002778874173689474
2021-09-30,621.7590942382812,608.85986328125,-0.020746348668746264
2021-10-01,608.85986328125,588.7410278320312,-0.03304345821186981
2021-10-04,588.7410278320312,613.0952758789062,0.04136665680758927
2021-10-05,613.0952758789062,605.7793579101562,-0.01193275866995097
2021-10-06,605.7793579101562,627.1497802734375,0.035277567788057115
2021-10-07,627.1497802734375,610.8812866210938,-0.02594036411086787
2021-10-08,610.8812866210938,606.7421875,-0.006775619439888121
2021-10-11,606.7421875,602.98779296875,-0.006187792127525334
2021-10-12,602.98779296875,617.5234985351562,0.024106135706066553
2021-10-13,617.5234985351562,641.3002319335938,0.03850336619551955
2021-10-14,641.3002319335938,651.0226440429688,0.015160468724704515
2021-10-15,651.0226440429688,649.6751098632812,-0.0020698729791011083
2021-10-18,649.6751098632812,657.4723510742188,0.012001754557871802
2021-10-19,657.4723510742188,632.5404052734375,-0.03792090383731864
2021-10-20,632.5404052734375,641.3964233398438,0.014000715199494536
2021-10-21,641.3964233398438,664.6920776367188,0.03632021235099997
2021-10-22,664.6920776367188,659.9750366210938,-0.00709658076924313
2021-10-25,659.9750366210938,654.4880981445312,-0.008313857603848541
2021-10-26,654.4880981445312,668.831298828125,0.021915143643187116
2021-10-27,668.831298828125,672.296875,0.005181540065405308
2021-10-28,672.296875,674.3182373046875,0.0030066513468287354
2021-10-29,674.3182373046875,670.5640258789062,-0.005567417901653055
2021-11-01,670.5640258789062,680.215087890625,0.014392454171798333
2021-11-02,680.215087890625,682.7244262695312,0.0036890366349970442
2021-11-03,682.7244262695312,699.7106323242188,0.02488003270587766
2021-11-04,699.7106323242188,711.3884887695312,0.016689551231374507
2021-11-05,711.3884887695312,709.168701171875,-0.0031203591746272906
2021-11-08,709.168701171875,706.1768798828125,-0.0042187723233112605
2021-11-09,706.1768798828125,694.5955200195312,-0.016400083595491166
2021-11-10,694.5955200195312,704.7293090820312,0.014589482325217198
2021-11-11,704.7293090820312,713.1257934570312,0.011914481584336434
2021-11-12,713.1257934570312,726.347900390625,0.018541058330672253
2021-11-15,726.347900390625,728.181640625,0.0025246032010126647
2021-11-16,728.181640625,738.7977905273438,0.014578985942617124
2021-11-17,738.7977905273438,743.62353515625,0.006531888279554409
2021-11-18,743.62353515625,733.3932495117188,-0.013757345163075916
2021-11-19,733.3932495117188,721.2327270507812,-0.016581175882152962
2021-11-22,721.2327270507812,681.4698486328125,-0.05513182767033405
2021-11-23,681.4698486328125,684.2686157226562,0.004106956596038298
2021-11-24,684.2686157226562,686.1990356445312,0.002821143447937157
2021-11-25,686.1990356445312,661.68505859375,-0.03572429539740729
2021-11-26,661.68505859375,680.215087890625,0.028004303642968836
2021-11-29,680.215087890625,675.196533203125,-0.007377893811592367
2021-11-30,675.196533203125,707.3350830078125,0.04759880749420109
2021-12-01,707.3350830078125,666.6071166992188,-0.05757945178599873
2021-12-02,666.6071166992188,657.4384155273438,-0.013754280358233903
2021-12-03,657.4384155273438,639.294189453125,-0.02759836609131659
2021-12-06,639.294189453125,692.375732421875,0.0830314804114798
2021-12-07,692.375732421875,680.890869140625,-0.016587616728097714
2021-12-08,680.890869140625,666.8966064453125,-0.02055287172961377
2021-12-09,666.8966064453125,661.1058959960938,-0.008683070798761974
2021-12-10,661.1058959960938,655.508056640625,-0.008467386827694887
2021-12-13,655.508056640625,637.9430541992188,-0.02679601305195867
2021-12-14,637.9430541992188,655.1220703125,0.0269287611177855
2021-12-15,655.1220703125,652.2267456054688,-0.004419519412084759
2021-12-16,652.2267456054688,638.9082641601562,-0.020420017325338012
2021-12-17,638.9082641601562,637.1710205078125,-0.002719081517324484
2021-12-20,637.1710205078125,660.1406860351562,0.03604945107051069
2021-12-21,660.1406860351562,673.0734252929688,0.01959088347589556
2021-12-22,673.0734252929688,682.531494140625,0.014052061026684326
2021-12-23,682.531494140625,678.3815307617188,-0.006080251848497433
2021-12-24,678.3815307617188,688.2257690429688,0.014511359515045208
2021-12-27,688.2257690429688,690.3489990234375,0.0030850777113755356
2021-12-28,690.3489990234375,678.9606323242188,-0.016496535397789593
2021-12-29,678.9606323242188,685.6199951171875,0.009808172191327813
2021-12-30,685.6199951171875,682.0490112304688,-0.00520840102702721
2021-12-31,682.0490112304688,677.2233276367188,-0.007075273938223437
2022-01-03,677.2233276367188,657.5349731445312,-0.02907217410967402
2022-01-04,657.5349731445312,647.4977416992188,-0.015264939288797706
2022-01-05,647.4977416992188,635.5302734375,-0.018482640928310732
2022-01-06,635.5302734375,641.7070922851562,0.009719157537919706
2022-01-07,641.7070922851562,600.5928955078125,-0.06407003642570586
2022-01-10,600.5928955078125,605.129150390625,0.007552961276668136
2022-01-11,605.129150390625,623.755859375,0.030781377780844013
2022-01-12,623.755859375,639.6802978515625,0.02552992206360787
2022-01-13,639.6802978515625,619.798828125,-0.031080322144259608
2022-01-14,619.798828125,633.310546875,0.021800168275366565
2022-01-17,633.310546875,619.0267944335938,-0.022554104794066398
2022-01-18,619.0267944335938,604.3569946289062,-0.023698166115911492
2022-01-19,604.3569946289062,617.6755981445312,0.0220376427078552
2022-01-20,617.6755981445312,607.3488159179688,-0.01671877965971729
2022-01-21,607.3488159179688,564.5941162109375,-0.07039562535807412
2022-01-24,564.5941162109375,555.4254760742188,-0.016239347654294828
2022-01-25,555.4254760742188,569.5161743164062,0.025369196857481974
2022-01-26,569.5161743164062,562.2777709960938,-0.012709741437986024
2022-01-27,562.2777709960938,546.3533935546875,-0.028321193301303175
2022-01-28,546.3533935546875,573.4732055664062,0.049637857715629216
2022-01-31,573.4732055664062,579.4569091796875,0.010434146800932546
2022-02-01,579.4569091796875,577.623291015625,-0.0031643736316101143
2022-02-02,577.623291015625,553.7847900390625,-0.04126997880339568
2022-02-03,553.7847900390625,544.5196533203125,-0.016730572752091045
2022-02-04,544.5196533203125,552.626708984375,0.014888453730968535
2022-02-07,552.626708984375,546.7394409179688,-0.010653245618956695
2022-02-08,546.7394409179688,568.2615356445312,0.039364445137572604
2022-02-09,568.2615356445312,563.7254638671875,-0.007982366380295062
2022-02-10,563.7254638671875,549.634765625,-0.024995674570959664
2022-02-11,549.634765625,540.1766357421875,-0.01720802699235643
2022-02-14,540.1766357421875,552.9161376953125,0.023583955895503113
2022-02-15,552.9161376953125,553.8812866210938,0.0017455611438729622
2022-02-16,553.8812866210938,558.0313110351562,0.0074926243480428366
2022-02-17,558.0313110351562,550.5033569335938,-0.013490200196110922
2022-02-18,550.5033569335938,531.5870361328125,-0.034361862761652685
2022-02-21,531.5870361328125,544.8092651367188,0.02487312162481477
2022-02-22,544.8092651367188,544.6161499023438,-0.0003544639321185886
2022-02-23,544.6161499023438,538.7289428710938,-0.010809828229121826
2022-02-24,538.7289428710938,568.5510864257812,0.0553564904008198
2022-02-25,568.5510864257812,578.0093383789062,0.01663571168702653
2022-02-28,578.0093383789062,557.066162109375,-0.036233283580277095
2022-03-01,557.066162109375,562.8568725585938,0.010395013811809656
2022-03-02,562.8568725585938,553.30224609375,-0.016975232835678145
2022-03-03,553.30224609375,514.9869384765625,-0.06924842233641586
2022-03-04,514.9869384765625,521.7427978515625,0.013118506257625144
2022-03-07,521.7427978515625,498.9660339355469,-0.043655157310855085
2022-03-08,498.9660339355469,537.667236328125,0.0775627993900228
2022-03-09,537.667236328125,526.37548828125,-0.021001369032618393
2022-03-10,526.37548828125,523.8661499023438,-0.0047672021869784986
2022-03-11,523.8661499023438,515.8556518554688,-0.015291115962289744
2022-03-14,515.8556518554688,521.5498046875,0.011038267801370575
2022-03-15,521.5498046875,558.706787109375,0.07124340204506176
2022-03-16,558.706787109375,564.3046264648438,0.010019279315418253
2022-03-17,564.3046264648438,588.6255493164062,0.04309892513893415
2022-03-18,588.6255493164062,591.3278198242188,0.004590814161822829
2022-03-21,591.3278198242188,605.3220825195312,0.023665828371600223
2022-03-22,605.3220825195312,592.4860229492188,-0.021205338349602226
2022-03-23,592.4860229492188,594.2232666015625,0.0029321259659363256
2022-03-24,594.2232666015625,598.5661010742188,0.007308422131454842
2022-03-25,598.5661010742188,600.97900390625,0.004031138461902412
2022-03-28,600.97900390625,610.9197387695312,0.016540902092532936
2022-03-29,610.9197387695312,600.49658203125,-0.017061417526424653
2022-03-30,600.49658203125,588.7219848632812,-0.019608100229546347
2022-03-31,588.7219848632812,585.5371704101562,-0.005409708716525354
2022-04-01,585.5371704101562,595.8638916015625,0.017636320481879235
2022-04-04,595.8638916015625,578.2988891601562,-0.02947821253977154
2022-04-05,578.2988891601562,551.8544311523438,-0.04572801107437174
2022-04-06,551.8544311523438,547.6080932617188,-0.007694670280635592
2022-04-07,547.6080932617188,549.4418334960938,0.0033486361084488193
2022-04-08,549.4418334960938,533.0348510742188,-0.029861181696845887
2022-04-11,533.0348510742188,540.8522338867188,0.014665800550837759
2022-04-12,540.8522338867188,546.3533935546875,0.010171280293021707
2022-04-13,546.3533935546875,539.2113647460938,-0.013072177994770458
2022-04-14,539.2113647460938,542.01025390625,0.005190708770528609
2022-04-19,542.01025390625,570.7709350585938,0.05306298348613605
2022-04-20,570.7709350585938,563.6289672851562,-0.012512844181009893
2022-04-21,563.6289672851562,551.2755126953125,-0.021917707049988754
2022-04-22,551.2755126953125,528.59521484375,-0.041141493371750396
2022-04-25,528.59521484375,510.93359375,-0.03341237415282067
2022-04-26,510.93359375,510.2579345703125,-0.0013224011651465225
2022-04-27,510.2579345703125,529.560302734375,0.037828648721194305
2022-04-28,529.560302734375,528.884765625,-0.0012756566266143373
2022-04-29,528.884765625,517.1101684570312,-0.02226306736979715
2022-05-02,517.1101684570312,527.0228881835938,0.01916945426956188
2022-05-03,527.0228881835938,520.3174438476562,-0.012723250709372589
2022-05-04,520.3174438476562,522.0665893554688,0.0033616891543706007
2022-05-05,522.0665893554688,509.6271667480469,-0.023827271963102057
2022-05-06,509.6271667480469,473.0378112792969,-0.07179632063617854
2022-05-09,473.0378112792969,474.9814758300781,0.004108898917667382
2022-05-10,474.9814758300781,499.6173095703125,0.05186693585719478
2022-05-11,499.6173095703125,486.983642578125,-0.025286687931314618
2022-05-12,486.983642578125,510.4046936035156,0.04809412263089159
2022-05-13,510.4046936035156,498.15960693359375,-0.023990936649641994
2022-05-16,498.15960693359375,513.7088623046875,0.031213400594252746
2022-05-17,513.7088623046875,500.3948669433594,-0.025917394731320438
2022-05-18,500.3948669433594,488.53851318359375,-0.023693995568319186
2022-05-19,488.53851318359375,486.5948486328125,-0.003978528812631845
2022-05-20,486.5948486328125,506.322998046875,0.04054327634066156
2022-05-23,506.322998046875,494.85540771484375,-0.022648764476958617
2022-05-24,494.85540771484375,492.9117126464844,-0.003927804037415739
2022-05-25,492.9117126464844,502.4356689453125,0.01932182996361195
2022-05-26,502.4356689453125,526.0511474609375,0.047001994434824695
2022-05-27,526.0511474609375,540.43408203125,0.02734132344304129
2022-05-30,540.43408203125,520.900390625,-0.036144447686999294
2022-05-31,520.900390625,515.4581909179688,-0.010447678298919015
2022-06-01,515.4581909179688,520.0256958007812,0.008861057915634876
2022-06-02,520.0256958007812,510.6963195800781,-0.017940221600659428
2022-06-03,510.6963195800781,523.3298950195312,0.024737941032825787
2022-06-06,523.3298950195312,517.1102294921875,-0.011884789282125045
2022-06-07,517.1102294921875,520.80322265625,0.0071415975810207675
2022-06-08,520.80322265625,506.0314025878906,-0.028363534298076608
2022-06-09,506.0314025878906,481.1525573730469,-0.049164627111303906
2022-06-10,481.1525573730469,459.7723693847656,-0.044435361842428654
2022-06-13,459.7723693847656,457.92596435546875,-0.004015911247053845
2022-06-14,457.92596435546875,468.7617492675781,0.023662744101791113
2022-06-15,468.7617492675781,436.2055358886719,-0.0694515143988904
2022-06-16,436.2055358886719,436.49700927734375,0.0006682019476851955
2022-06-17,436.49700927734375,444.3688049316406,0.018034019677086156
2022-06-20,444.3688049316406,456.5167236328125,0.02733746961162282
2022-06-21,456.5167236328125,452.0948791503906,-0.009686051470873326
2022-06-22,452.0948791503906,447.4300842285156,-0.010318176862877589
2022-06-23,447.4300842285156,471.19140625,0.053106223428080385
2022-06-24,471.19140625,470.07373046875,-0.002372020725388601
2022-06-27,470.07373046875,459.5294189453125,-0.02243118651391747
2022-06-28,459.5294189453125,452.0948791503906,-0.016178593770960814
2022-06-29,452.0948791503906,443.00830078125,-0.02009883055127008
2022-06-30,443.00830078125,419.1012878417969,-0.05396515798302841
2022-07-01,419.1012878417969,416.4287414550781,-0.006376850809696361
2022-07-04,416.4287414550781,397.47808837890625,-0.04550755312890947
2022-07-05,397.47808837890625,409.6259765625,0.030562409699458608
2022-07-06,409.6259765625,428.3822326660156,0.04578873698615114
2022-07-07,428.3822326660156,433.58154296875,0.012137082040907077
2022-07-08,433.58154296875,425.6611328125,-0.018267406176975705
2022-07-11,425.6611328125,422.4541320800781,-0.007534163881094896
2022-07-12,422.4541320800781,429.3055419921875,0.016218115510847123
2022-07-13,429.3055419921875,430.5202941894531,0.0028295749261204066
2022-07-14,430.5202941894531,452.289306640625,0.050564428076861546
2022-07-15,452.289306640625,462.7850341796875,0.023205783079461743
2022-07-18,462.7850341796875,471.14276123046875,0.018059631218619226
2022-07-19,471.14276123046875,487.08074951171875,0.03382836285041344
2022-07-20,487.08074951171875,512.1538696289062,0.05147631094499714
2022-07-21,512.1538696289062,507.78070068359375,-0.008538779465790599
2022-07-22,507.78070068359375,513.417236328125,0.011100334528159755
2022-07-25,513.417236328125,500.3948669433594,-0.025364106351199765
2022-07-26,500.3948669433594,514.0004272460938,0.027189648019060143
2022-07-27,514.0004272460938,530.0355834960938,0.031196776111477177
2022-07-28,530.0355834960938,539.7538452148438,0.018335111870506373
2022-07-29,539.7538452148438,549.08349609375,0.01728501049435354
2022-08-01,549.08349609375,537.1299438476562,-0.02177000826128056
2022-08-02,537.1299438476562,554.5255737304688,0.03238625975346172
2022-08-03,554.5255737304688,561.3156127929688,0.01224477171868064
2022-08-04,561.3156127929688,544.9496459960938,-0.029156443227085677
2022-08-05,544.9496459960938,546.1185913085938,0.002145051971477708
2022-08-08,546.1185913085938,516.69873046875,-0.05387082825609127
2022-08-09,516.69873046875,530.0447998046875,0.025829498988375534
2022-08-10,530.0447998046875,534.6234130859375,0.008638162817439472
2022-08-11,534.6234130859375,538.9097900390625,0.008017563107427902
2022-08-12,538.9097900390625,545.7289428710938,0.012653607260571326
2022-08-15,545.7289428710938,543.0986938476562,-0.004819698602752666
2022-08-16,543.0986938476562,529.8499755859375,-0.0243946789263226
2022-08-17,529.8499755859375,542.8065795898438,0.024453344533191906
2022-08-18,542.8065795898438,531.0191040039062,-0.021715793487330916
2022-08-19,531.0191040039062,512.0226440429688,-0.035773590474812295
2022-08-22,512.0226440429688,512.802001953125,0.0015221161001833477
2022-08-23,512.802001953125,517.0884399414062,0.008358855800007331
2022-08-24,517.0884399414062,518.452392578125,0.0026377550363982337
2022-08-25,518.452392578125,507.9312438964844,-0.020293374728818914
2022-08-26,507.9312438964844,490.29876708984375,-0.03471429847744136
2022-08-29,490.29876708984375,477.7320251464844,-0.025630784303107598
2022-08-30,477.7320251464844,472.1305847167969,-0.011725067893386383
2022-08-31,472.1305847167969,454.9365234375,-0.03641802042884083
2022-09-01,454.9365234375,471.6434631347656,0.036723672065342224
2022-09-02,471.6434631347656,464.873046875,-0.014354945608206323
2022-09-05,464.873046875,466.2368469238281,0.0029337042833434868
2022-09-06,466.2368469238281,462.6811218261719,-0.007626435193006463
2022-09-07,462.6811218261719,467.6006774902344,0.010632713184072301
2022-09-08,467.6006774902344,485.0382385253906,0.03729156494971166
2022-09-09,485.0382385253906,486.88922119140625,0.0038161582304169824
2022-09-12,486.88922119140625,467.06488037109375,-0.040716327159189956
2022-09-13,467.06488037109375,466.3829345703125,-0.0014600665334534005
2022-09-14,466.3829345703125,455.3748779296875,-0.02360304338915602
2022-09-15,455.3748779296875,452.9881286621094,-0.005241284452118267
2022-09-16,452.9881286621094,455.033935546875,0.004516248341447426
2022-09-19,455.033935546875,453.5726623535156,-0.003211349921854
2022-09-20,453.5726623535156,459.5638122558594,0.013208798500457758
2022-09-21,459.5638122558594,435.69671630859375,-0.05193423701076307
2022-09-22,435.69671630859375,430.72845458984375,-0.011403027685962859
2022-09-23,430.72845458984375,435.6480407714844,0.0114215490739409
2022-09-26,435.6480407714844,438.1808166503906,0.0058138121645651955
2022-09-27,438.1808166503906,438.0834045410156,-0.00022231030130358666
2022-09-28,438.0834045410156,420.7431945800781,-0.03958198320501324
2022-09-29,420.7431945800781,422.3992919921875,0.003936124061999956
2022-09-30,422.3992919921875,429.90032958984375,0.01775816801746672
2022-10-03,429.90032958984375,456.7386779785156,0.06242923426990069
2022-10-04,456.7386779785156,454.44940185546875,-0.005012223035673277
2022-10-05,454.44940185546875,464.19110107421875,0.021436268105922626
2022-10-06,464.19110107421875,435.69671630859375,-0.0613850302164002
2022-10-07,435.69671630859375,421.47381591796875,-0.03264403852094046
2022-10-10,421.47381591796875,404.1823425292969,-0.041026210254630165
2022-10-11,404.1823425292969,403.3542785644531,-0.002048738595708763
2022-10-12,403.3542785644531,400.67529296875,-0.006641768138019248
2022-10-13,400.67529296875,387.18316650390625,-0.03367346752248097
2022-10-14,387.18316650390625,390.20294189453125,0.007799345766739406
2022-10-17,390.20294189453125,393.17425537109375,0.007614790042678926
2022-10-18,393.17425537109375,425.224365234375,0.08151629824549693
2022-10-19,425.224365234375,440.6162109375,0.03619699848253363
2022-10-20,440.6162109375,447.6789245605469,0.01602917334343992
2022-10-21,447.6789245605469,465.6036682128906,0.04003928411403136
2022-10-24,465.6036682128906,483.1873474121094,0.03776533648609243
2022-10-25,483.1873474121094,478.17041015625,-0.010383006266056965
2022-10-26,478.17041015625,470.8641662597656,-0.015279581800339634
2022-10-27,470.8641662597656,467.9903564453125,-0.006103267184846056
2022-10-28,467.9903564453125,465.6523742675781,-0.004995791356669937
2022-10-31,465.6523742675781,469.2080383300781,0.007635876587320494
2022-11-01,469.2080383300781,460.1969909667969,-0.0192048017662949
2022-11-02,460.1969909667969,443.2655944824219,-0.03679162796958965
2022-11-03,443.2655944824219,453.719482421875,0.023583801832532447
2022-11-04,453.719482421875,465.83428955078125,0.02670109527640192
2022-11-07,465.83428955078125,490.0638732910156,0.05201331092135731
2022-11-08,490.0638732910156,484.4949951171875,-0.011363576213913542
2022-11-09,484.4949951171875,531.6842041015625,0.09739875429045677
2022-11-10,531.6842041015625,538.8162841796875,0.0134141282044983
2022-11-11,538.8162841796875,552.298828125,0.02502252500745925
2022-11-14,552.298828125,565.9769287109375,0.024765760652386865
2022-11-15,565.9769287109375,545.8507080078125,-0.03556014332415324
2022-11-16,545.8507080078125,552.0057983398438,0.011276142435530477
2022-11-17,552.0057983398438,558.2587280273438,0.011327652184643119
2022-11-18,558.2587280273438,550.6380615234375,-0.013650778969161028
2022-11-21,550.6380615234375,557.3793334960938,0.012242655282501413
2022-11-22,557.3793334960938,570.2757568359375,0.023137605872382297
2022-11-23,570.2757568359375,564.2184448242188,-0.010621724558881041
2022-11-24,564.2184448242188,560.8965454101562,-0.0058876122263203075
2022-11-25,560.8965454101562,553.764404296875,-0.012715608915126877
2022-11-28,553.764404296875,546.9254150390625,-0.012349997949933406
2022-11-29,546.9254150390625,548.1954956054688,0.002322218956154265
2022-11-30,548.1954956054688,568.8102416992188,0.0376047345500012
2022-12-01,568.8102416992188,561.4827270507812,-0.012882177765554751
2022-12-02,561.4827270507812,559.2356567382812,-0.004002029277557406
2022-12-05,559.2356567382812,554.741455078125,-0.00803632888211831
2022-12-06,554.741455078125,552.2012329101562,-0.004579110042553079
2022-12-07,552.2012329101562,557.6724243164062,0.009907966661748053
2022-12-08,557.6724243164062,564.0230102539062,0.011387663546901275
2022-12-09,564.0230102539062,556.0115356445312,-0.014204162709192438
2022-12-12,556.0115356445312,579.5573120117188,0.042347640035728974
2022-12-13,579.5573120117188,572.1319580078125,-0.012812113401057578
2022-12-14,572.1319580078125,538.8162841796875,-0.058230751423380675
2022-12-15,538.8162841796875,528.0691528320312,-0.019945817643611224
2022-12-16,528.0691528320312,524.94287109375,-0.005920212762883464
2022-12-19,524.94287109375,517.8107299804688,-0.013586509134643559
2022-12-20,517.8107299804688,532.6613159179688,0.028679563936537485
2022-12-21,532.6613159179688,510.7763671875,-0.041086048632521854
2022-12-22,510.7763671875,505.01214599609375,-0.011285215138566253
2022-12-23,505.01214599609375,498.5638732910156,-0.012768549739253206
2022-12-27,498.5638732910156,490.25933837890625,-0.016656912698650255
2022-12-28,490.25933837890625,504.8166809082031,0.02969314685046541
2022-12-29,504.8166809082031,492.2133483886719,-0.024966157015368248
2022-12-30,492.2133483886719,505.01214599609375,0.02600254066518208
2023-01-02,505.01214599609375,508.3338317871094,0.006577437428685761
2023-01-03,508.3338317871094,524.6497802734375,0.03209691636885042
2023-01-04,524.6497802734375,527.4830932617188,0.00540038916399542
2023-01-05,527.4830932617188,538.8162841796875,0.021485410741582982
2023-01-06,538.8162841796875,573.1090087890625,0.06364455866730796
2023-01-09,573.1090087890625,569.2987670898438,-0.006648371672379592
2023-01-10,569.2987670898438,579.0687255859375,0.017161390575349527
2023-01-11,579.0687255859375,585.6146850585938,0.011304287700967867
2023-01-12,585.6146850585938,590.792724609375,0.00884205892183725
2023-01-13,590.792724609375,593.2352905273438,0.004134387266843452
2023-01-16,593.2352905273438,592.4536743164062,-0.0013175484051913013
2023-01-17,592.4536743164062,599.488037109375,0.011873270599739708
2023-01-18,599.488037109375,577.01708984375,-0.03748356243099683
2023-01-19,577.01708984375,576.8217163085938,-0.00033859228538474494
2023-01-20,576.8217163085938,600.8558959960938,0.04166656526267461
2023-01-23,600.8558959960938,601.5398559570312,0.0011383094773558592
2023-01-24,601.5398559570312,602.9075927734375,0.0022737260097757334
2023-01-25,602.9075927734375,604.861572265625,0.0032409269938018055
2023-01-26,604.861572265625,605.8385620117188,0.0016152286587396312
2023-01-27,605.8385620117188,589.522705078125,-0.02693103073435288
2023-01-30,589.522705078125,588.7411499023438,-0.0013257422810842821
2023-01-31,588.7411499023438,593.4307250976562,0.007965427923783438
2023-02-01,593.4307250976562,620.3958740234375,0.04543942162978468
2023-02-02,620.3958740234375,624.79248046875,0.00708677576593039
2023-02-03,624.79248046875,607.6287841796875,-0.02747103530469101
2023-02-06,607.6287841796875,608.412109375,0.0012891509021746008
2023-02-07,608.412109375,606.4539184570312,-0.0032185271920053163
2023-02-08,606.4539184570312,614.0908813476562,0.012592816466674537
2023-02-09,614.0908813476562,598.9148559570312,-0.024712995831041126
2023-02-10,598.9148559570312,607.6287841796875,0.014549527593086496
2023-02-13,607.6287841796875,608.1182861328125,0.0008055937537354137
2023-02-14,608.1182861328125,612.3284912109375,0.0069233324735206115
2023-02-15,612.3284912109375,609.9786376953125,-0.0038375701104123743
2023-02-16,609.9786376953125,597.544189453125,-0.020385055268769218
2023-02-17,597.544189453125,590.984130859375,-0.01097836563309869
2023-02-20,590.984130859375,584.4242553710938,-0.011099918163186983
2023-02-21,584.4242553710938,580.6056518554688,-0.006533957960386653
2023-02-22,580.6056518554688,582.2701416015625,0.00286681629910846
2023-02-23,582.2701416015625,566.8983154296875,-0.02639981869857527
2023-02-24,566.8983154296875,583.053466796875,0.02849744112388569
2023-02-27,583.053466796875,571.7937622070312,-0.019311615882675853
2023-02-28,571.7937622070312,562.59033203125,-0.01609571629508077
2023-03-01,562.59033203125,565.4296875,0.005046932567252655
2023-03-02,565.4296875,577.0809326171875,0.020606001727115717
2023-03-03,577.0809326171875,577.8642578125,0.0013573922669043144
2023-03-06,577.8642578125,562.1007690429688,-0.027278878311670973
2023-03-07,562.1007690429688,569.8356323242188,0.013760634582335401
2023-03-08,569.8356323242188,573.0667114257812,0.005670194909335042
2023-03-09,573.0667114257812,565.5275268554688,-0.013155858506516849
2023-03-10,565.5275268554688,553.1908569335938,-0.02181444639922518
2023-03-13,553.1908569335938,564.0588989257812,0.01964609836906998
2023-03-14,564.0588989257812,556.128173828125,-0.014060101015620663
2023-03-15,556.128173828125,574.7311401367188,0.0334508611217081
2023-03-16,574.7311401367188,583.640869140625,0.015502429539117677
2023-03-17,583.640869140625,587.6552124023438,0.006878105139603437
2023-03-20,587.6552124023438,582.759765625,-0.008330474526603937
2023-03-21,582.759765625,588.24267578125,0.00940852557034316
2023-03-22,588.24267578125,604.3977661132812,0.027463308932109593
2023-03-23,604.3977661132812,586.1866455078125,-0.030131019051542078
2023-03-24,586.1866455078125,592.55078125,0.010856841913677955
2023-03-27,592.55078125,575.41650390625,-0.028916133242799603
2023-03-28,575.41650390625,593.13818359375,0.030798003823656946
2023-03-29,593.13818359375,610.6640625,0.02954771652039478
2023-03-30,610.6640625,612.1327514648438,0.0024050686048743045
2023-03-31,612.1327514648438,604.7893676757812,-0.011996390932342145
2023-04-03,604.7893676757812,605.2789306640625,0.0008094768434217871
2023-04-04,605.2789306640625,593.52978515625,-0.019411125867081314
2023-04-05,593.52978515625,594.3131103515625,0.0013197740280317782
2023-04-06,594.3131103515625,597.8377685546875,0.005930641848099243
2023-04-11,597.8377685546875,590.7883911132812,-0.011791455495440825
2023-04-12,590.7883911132812,590.592529296875,-0.0003315261764659392
2023-04-13,590.592529296875,593.8235473632812,0.0054708075468765435
2023-04-14,593.8235473632812,570.1293334960938,-0.03990110188859213
2023-04-17,570.1293334960938,576.297607421875,0.010819078344832282
2023-04-18,576.297607421875,555.0512084960938,-0.036867060789700555
2023-04-19,555.0512084960938,561.4154052734375,0.011465963283977858
2023-04-20,561.4154052734375,568.0733032226562,0.011859129419464397
2023-04-21,568.0733032226562,561.3174438476562,-0.011892583820915875
2023-04-24,561.3174438476562,552.0159912109375,-0.016570752857705952
2023-04-25,552.0159912109375,544.9664916992188,-0.012770462493766744
2023-04-26,544.9664916992188,552.4076538085938,0.013654347969493089
2023-04-27,552.4076538085938,563.2002563476562,0.019537387769073305
2023-04-28,563.2002563476562,562.611083984375,-0.0010461152256961358
2023-05-02,562.611083984375,564.968017578125,0.0041892768572178675
2023-05-03,564.968017578125,566.9320068359375,0.0034762839606950233
2023-05-04,566.9320068359375,575.0828857421875,0.014377171879464471
2023-05-05,575.0828857421875,580.6805419921875,0.009733651250594609
2023-05-08,580.6805419921875,574.0027465820312,-0.011499946919602643
2023-05-09,574.0027465820312,588.8314819335938,0.025833910098622345
2023-05-10,588.8314819335938,582.6445922851562,-0.010507063291047395
2023-05-11,582.6445922851562,585.8853759765625,0.005562196464736353
2023-05-12,585.8853759765625,584.9033203125,-0.0016761907778046088
2023-05-15,584.9033203125,593.3489990234375,0.014439443951908451
2023-05-16,593.3489990234375,597.4735107421875,0.006951240712528918
2023-05-17,597.4735107421875,629.0951538085938,0.052925598370253325
2023-05-18,629.0951538085938,631.844970703125,0.004371066726366644
2023-05-19,631.844970703125,631.6484985351562,-0.0003109499593707509
2023-05-22,631.6484985351562,623.595703125,-0.012748855461275268
2023-05-23,623.595703125,610.53466796875,-0.020944716409683005
2023-05-24,610.53466796875,640.8796997070312,0.049702389283215034
2023-05-25,640.8796997070312,669.849853515625,0.045203731405187325
2023-05-26,669.849853515625,664.0558471679688,-0.008649709061287566
2023-05-29,664.0558471679688,670.8318481445312,0.010203962521315701
2023-05-30,670.8318481445312,659.4403076171875,-0.01698121602135001
2023-05-31,659.4403076171875,665.037841796875,0.008488310640145054
2023-06-01,665.037841796875,662.484619140625,-0.0038392140954737436
2023-06-02,662.484619140625,663.0739135742188,0.0008895216833232788
2023-06-05,663.0739135742188,657.1815795898438,-0.008886390889083684
2023-06-06,657.1815795898438,655.9049682617188,-0.0019425549464148874
2023-06-07,655.9049682617188,650.79833984375,-0.007785622407316645
2023-06-08,650.79833984375,654.6282348632812,0.005884918238191524
2023-06-09,654.6282348632812,659.4403076171875,0.007350848157215903
2023-06-12,659.4403076171875,668.3767700195312,0.013551586548651597
2023-06-13,668.3767700195312,669.4570922851562,0.0016163372428300148
2023-06-14,669.4570922851562,661.698974609375,-0.011588670528979425
2023-06-15,661.698974609375,647.9503173828125,-0.0207778125010377
2023-06-16,647.9503173828125,649.3251953125,0.0021218878867763787
2023-06-19,649.3251953125,644.6113891601562,-0.007259546043142746
2023-06-20,644.6113891601562,634.398193359375,-0.015843958038171957
2023-06-21,634.398193359375,640.1921997070312,0.0091330751069369
2023-06-22,640.1921997070312,629.2916259765625,-0.017027033030794718
2023-06-23,629.2916259765625,635.6748657226562,0.010143532001062237
2023-06-26,635.6748657226562,637.9334106445312,0.0035529876099590807
2023-06-27,637.9334106445312,652.762451171875,0.023245436404344053
2023-06-28,652.762451171875,656.3959350585938,0.005566318773691287
2023-06-29,656.3959350585938,651.0928955078125,-0.008079025581271873
2023-06-30,651.0928955078125,654.1371459960938,0.004675600838659008
2023-07-03,654.1371459960938,657.0833740234375,0.004503991319522686
2023-07-04,657.0833740234375,647.4593505859375,-0.014646578833018412
2023-07-05,647.4593505859375,628.3095703125,-0.029576807032143933
2023-07-06,628.3095703125,628.89892578125,0.000938001737673476
2023-07-07,628.89892578125,633.612548828125,0.007495040703113779
2023-07-10,633.612548828125,623.6939086914062,-0.0156541093686724
2023-07-11,623.6939086914062,642.2545166015625,0.029759161748266715
2023-07-12,642.2545166015625,651.0928955078125,0.013761489686390316
2023-07-13,651.0928955078125,672.599609375,0.03303171331705836
2023-07-14,672.599609375,652.762451171875,-0.029493264531566248
2023-07-17,652.762451171875,652.2714233398438,-0.0007522305107313232
2023-07-18,652.2714233398438,640.1921997070312,-0.018518707397854273
2023-07-19,640.1921997070312,608.96337890625,-0.04878038316473143
2023-07-20,608.96337890625,614.266357421875,0.00870820594359812
2023-07-21,614.266357421875,604.6423950195312,-0.0156674092371529
2023-07-24,604.6423950195312,617.1142578125,0.020626841411882608
2023-07-25,617.1142578125,606.3118896484375,-0.01750464849467896
2023-07-26,606.3118896484375,641.0760498046875,0.05733709127229481
2023-07-27,641.0760498046875,641.2724609375,0.00030637727438474624
2023-07-28,641.2724609375,640.4868774414062,-0.001225038566205192
2023-07-31,640.4868774414062,634.4337768554688,-0.009450780022407651
2023-08-01,634.4337768554688,618.9815063476562,-0.024356002267724
2023-08-02,618.9815063476562,609.5328369140625,-0.01526486548741381
2023-08-03,609.5328369140625,611.3043823242188,0.002906398643139908
2023-08-04,611.3043823242188,615.3397827148438,0.006601294718814459
2023-08-07,615.3397827148438,605.103759765625,-0.016634749185333027
2023-08-08,605.103759765625,604.414794921875,-0.0011385895933233945
2023-08-09,604.414794921875,614.3555908203125,0.016446976450539105
2023-08-10,614.3555908203125,596.1473999023438,-0.029637869647538218
2023-08-11,596.1473999023438,595.6552124023438,-0.0008256137661266766
2023-08-14,595.6552124023438,591.0293579101562,-0.0077659934738603465
2023-08-15,591.0293579101562,592.5057373046875,0.0024979797953719888
2023-08-16,592.5057373046875,583.3523559570312,-0.015448595298494563
2023-08-17,583.3523559570312,588.7656860351562,0.009279691806925242
2023-08-18,588.7656860351562,590.2420043945312,0.002507480300553464
2023-08-21,590.2420043945312,609.5328369140625,0.03268292052396328
2023-08-22,609.5328369140625,615.5366821289062,0.009849912672859373
2023-08-23,615.5366821289062,594.0805053710938,-0.03485767360541988
2023-08-24,594.0805053710938,584.8287963867188,-0.015573157006045668
2023-08-25,584.8287963867188,596.9347534179688,0.02070000161764422
2023-08-28,596.9347534179688,603.332275390625,0.010717288507705227
2023-08-29,603.332275390625,601.0685424804688,-0.003752050076702105
2023-08-30,601.0685424804688,598.3126831054688,-0.004584933631075111
2023-08-31,598.3126831054688,602.052734375,0.006250997806228963
2023-09-01,602.052734375,607.072265625,0.008337361435972633
2023-09-04,607.072265625,609.63134765625,0.0042154487631144615
2023-09-05,609.63134765625,607.072265625,-0.004197753348951763
2023-09-06,607.072265625,584.1397705078125,-0.037775560531624314
2023-09-07,584.1397705078125,577.447021484375,-0.01145744453869194
2023-09-08,577.447021484375,568.2937622070312,-0.015851253771843078
2023-09-11,568.2937622070312,568.096923828125,-0.00034636730507441526
2023-09-12,568.096923828125,565.6362915039062,-0.004331360056727226
2023-09-13,565.6362915039062,572.8211669921875,0.01270228872546031
2023-09-14,572.8211669921875,552.939697265625,-0.034707987190762554
2023-09-15,552.939697265625,548.7075805664062,-0.007653848548308689
2023-09-18,548.7075805664062,544.6723022460938,-0.007354150850526
2023-09-19,544.6723022460938,547.82177734375,0.005782330191325306
2023-09-20,547.82177734375,543.2942504882812,-0.008264598164427834
2023-09-21,543.2942504882812,546.4437866210938,0.0057971092644214075
2023-09-22,546.4437866210938,545.95166015625,-0.0009005985188097535
2023-09-25,545.95166015625,534.04248046875,-0.02181361566716662
2023-09-26,534.04248046875,539.7510375976562,0.010689331537625295
2023-09-27,539.7510375976562,542.1131591796875,0.004376316889625016
2023-09-28,542.1131591796875,550.2822875976562,0.01506904652587677
2023-09-29,550.2822875976562,547.6249389648438,-0.004829064450563315
2023-10-02,547.6249389648438,538.4716186523438,-0.016714579014246868
2023-10-03,538.4716186523438,548.7075805664062,0.019009287694085875
2023-10-04,548.7075805664062,539.7510375976562,-0.01632298019193495
2023-10-05,539.7510375976562,552.34912109375,0.02334054521166974
2023-10-06,552.34912109375,546.3453369140625,-0.010869545999817895
2023-10-09,546.3453369140625,563.0772094726562,0.030625085322592574
2023-10-10,563.0772094726562,558.1561889648438,-0.00873951285014932
2023-10-11,558.1561889648438,579.4155883789062,0.03808862077385575
2023-10-12,579.4155883789062,564.5535888671875,-0.025649982171345745
2023-10-13,564.5535888671875,560.61669921875,-0.006973456065237524
2023-10-16,560.61669921875,563.8646850585938,0.005793594526117391
2023-10-17,563.8646850585938,544.475341796875,-0.03438651821173003
2023-10-18,544.475341796875,553.6287231445312,0.01681137903775092
2023-10-19,553.6287231445312,538.4716186523438,-0.027377742263980334
2023-10-20,538.4716186523438,543.884765625,0.010052799042972715
2023-10-23,543.884765625,553.72705078125,0.01809626924361419
2023-10-24,553.72705078125,551.857177734375,-0.003376885857818952
2023-10-25,551.857177734375,551.7586669921875,-0.0001785076758300607
2023-10-26,551.7586669921875,551.3649291992188,-0.00071360508954964
2023-10-27,551.3649291992188,543.2942504882812,-0.014637635227650485
2023-10-30,543.2942504882812,556.384521484375,0.0240942564445123
2023-10-31,556.384521484375,563.7359008789062,0.013212767628615096
2023-11-01,563.7359008789062,586.8260498046875,0.04095915993603031
2023-11-02,586.8260498046875,589.786376953125,0.005044641677755753
2023-11-03,589.786376953125,583.8658447265625,-0.010038435029897362
2023-11-06,583.8658447265625,591.1678466796875,0.01250630092353611
2023-11-07,591.1678466796875,592.055908203125,0.0015022155356136586
2023-11-08,592.055908203125,595.5095825195312,0.005833358418612975
2023-11-09,595.5095825195312,599.9500122070312,0.007456520965981878
2023-11-10,599.9500122070312,604.3904418945312,0.007401332772983915
2023-11-13,604.3904418945312,613.0737915039062,0.014367119344501947
2023-11-14,613.0737915039062,619.48779296875,0.010462038263142558
2023-11-15,619.48779296875,617.21826171875,-0.0036635608897534586
2023-11-16,617.21826171875,620.3759765625,0.005116042475731036
2023-11-17,620.3759765625,621.3626708984375,0.0015904779895004448
2023-11-20,621.3626708984375,617.4155883789062,-0.006352300684275264
2023-11-21,617.4155883789062,624.9151000976562,0.01214661867939034
2023-11-22,624.9151000976562,621.4613647460938,-0.005526727312274549
2023-11-23,621.4613647460938,623.9281616210938,0.00396934872372612
2023-11-24,623.9281616210938,620.2771606445312,-0.0058516367767027025
2023-11-27,620.2771606445312,611.4951782226562,-0.014158158608886428
2023-11-28,611.4951782226562,620.8693237304688,0.015329876410569515
2023-11-29,620.8693237304688,614.7513427734375,-0.00985389472984686
2023-11-30,614.7513427734375,629.059326171875,0.02327442398724554
2023-12-01,629.059326171875,622.250732421875,-0.010823452521455376
2023-12-04,622.250732421875,634.7825927734375,0.020139567056493425
2023-12-05,634.7825927734375,640.4071655273438,0.008860628533198824
2023-12-06,640.4071655273438,638.038818359375,-0.0036981896759673712
2023-12-07,638.038818359375,640.9990844726562,0.004639633245032251
2023-12-08,640.9990844726562,650.4720458984375,0.01477843206839299
2023-12-11,650.4720458984375,654.6165161132812,0.006371480897567816
2023-12-12,654.6165161132812,660.240966796875,0.00859197796747988
2023-12-13,660.240966796875,673.1675415039062,0.01957857109313265
2023-12-14,673.1675415039062,685.5020141601562,0.018323035345248335
2023-12-15,685.5020141601562,667.6416625976562,-0.02605441150217718
2023-12-18,667.6416625976562,667.8389892578125,0.0002955577388452551
2023-12-19,667.8389892578125,670.4046020507812,0.003841663685763517
2023-12-20,670.4046020507812,673.5621948242188,0.004709980754574715
2023-12-21,673.5621948242188,674.5490112304688,0.0014650709523677053
2023-12-22,674.5490112304688,675.831787109375,0.0019016792813413114
2023-12-27,675.831787109375,676.818603515625,0.0014601509207945794
2023-12-28,676.818603515625,672.6741943359375,-0.006123367706147608
2023-12-29,672.6741943359375,655.5045776367188,-0.025524417085998903
2024-01-02,655.5045776367188,636.8548583984375,-0.02845093668989897
2024-01-03,636.8548583984375,637.841552734375,0.001549323716268474
2024-01-04,637.841552734375,635.6707763671875,-0.0034033160083120294
2024-01-05,635.6707763671875,644.7489624023438,0.014281270073539366
2024-01-08,644.7489624023438,645.8344116210938,0.0016835222420608492
2024-01-09,645.8344116210938,642.7752685546875,-0.004736729742733229
2024-01-10,642.7752685546875,640.3084716796875,-0.00383772835651676
2024-01-11,640.3084716796875,640.7031860351562,0.0006164440623959209
2024-01-12,640.7031860351562,639.61767578125,-0.0016942482534286736
2024-01-15,639.61767578125,643.6633911132812,0.006325208769582049
2024-01-16,643.6633911132812,640.9990844726562,-0.00413928565366567
2024-01-17,640.9990844726562,667.0496215820312,0.040640521555200856
2024-01-18,667.0496215820312,677.2132568359375,0.015236700426875761
2024-01-19,677.2132568359375,698.132568359375,0.03089028649730854
2024-01-22,698.132568359375,697.7378540039062,-0.0005653859644398719
2024-01-23,697.7378540039062,765.5281982421875,0.09715732613512715
2024-01-24,765.5281982421875,801.0515747070312,0.046403746519609386
2024-01-25,801.0515747070312,786.64501953125,-0.017984553842304303
2024-01-26,786.64501953125,794.144287109375,0.009533229591402868
2024-01-29,794.144287109375,790.6905517578125,-0.004349002325677913
2024-01-30,790.6905517578125,787.6317138671875,-0.003868565121746792
2024-01-31,787.6317138671875,801.7423706054688,0.017915297835075016
2024-02-01,801.7423706054688,807.958984375,0.007753879547162411
2024-02-02,807.958984375,817.8934936523438,0.012295808907959147
2024-02-05,817.8934936523438,824.2199096679688,0.007735012033625646
2024-02-06,824.2199096679688,840.2338256835938,0.019429178824466996
2024-02-07,840.2338256835938,845.2752685546875,0.0060000475070045595
2024-02-08,845.2752685546875,866.0339965820312,0.024558541814240605
2024-02-09,866.0339965820312,867.5166625976562,0.0017120182596487262
2024-02-12,867.5166625976562,840.92578125,-0.030651724046468005
2024-02-13,840.92578125,843.5947265625,0.0031738179183098984
2024-02-14,843.5947265625,850.9097900390625,0.00867130062129489
2024-02-15,850.9097900390625,864.5511474609375,0.016031496618752934
2024-02-16,864.5511474609375,849.6246948242188,-0.0172649734842821
2024-02-19,849.6246948242188,828.0751953125,-0.025363551275045255
2024-02-20,828.0751953125,824.4176635742188,-0.004416907738555031
2024-02-21,824.4176635742188,866.7258911132812,0.051318924142936775
2024-02-22,866.7258911132812,855.0614624023438,-0.013458036537889644
2024-02-23,855.0614624023438,859.8063354492188,0.005549160213049492
2024-02-26,859.8063354492188,869.0983276367188,0.010807075738335028
2024-02-27,869.0983276367188,859.4109497070312,-0.011146469417367012
2024-02-28,859.4109497070312,860.498291015625,0.0012652169593189602
2024-02-29,860.498291015625,883.728271484375,0.026995963514735426
2024-03-01,883.728271484375,902.7077026367188,0.02147654631492608
2024-03-04,902.7077026367188,889.1651000976562,-0.015002201154931895
2024-03-05,889.1651000976562,901.7191772460938,0.01411894950336973
2024-03-06,901.7191772460938,938.2941284179688,0.040561354460240236
2024-03-07,938.2941284179688,912.79052734375,-0.02718081708261316
2024-03-08,912.79052734375,874.33740234375,-0.042126998306938876
2024-03-11,874.33740234375,882.0477294921875,0.008818480288924147
2024-03-12,882.0477294921875,868.8017578125,-0.015017295818349275
